{
  "stations": {
    "A": { "startStation": true, "price": 0 },
    "B": { "price": 5 },
    "C": { "price": 15 },
    "D": { "price": 50 },
    "E": { "price": 10 },
    "F": { "price": 20 },
    "G": { "price": 25 },
    "H": { "price": 30 },
    "I": { "price": 35 },
    "J": { "price": 40 },
    "K": { "price": 45 },
    "L": { "price": 55 },
    "M": { "price": 60 },
    "N": { "price": 65 },
    "O": { "price": 70 },
    "P": { "price": 75 },
    "Q": { "price": 80 },
    "R": { "price": 85 },
    "S": { "price": 90 },
    "T": { "lastStation": true, "price": 100 }
  }
}
